Intercept,m1,m2,m3,m4,m5,m6,m7,m8,m9,m10,m11,,,,,,,,,,,,,,
-7.938578642,0.008501359,0.020817218,-1.555788526,-1.635242156,-1.69010363,-1.68004732,-1.337314068,-0.018175447,0.119437847,0.611061852,0.176385477,,,,,,,,,,,,,,
Serial No.,GRE Score,TOEFL Score,UR1,UR2,UR3,UR4,UR5,SOP,LOR ,CGPA,Research,Chance of Admit ,logit,exp,p(x),logloss,,LOGLOSS,ACTUAL,PREDICTED,,,,,
1,337,118,0,0,0,1,0,4.5,4.5,9.65,1,0.92,2.231576866,9.314542295,0.903049503,-0.280504056,,-218.2044031,1,1,,,,,
2,324,107,0,0,0,1,0,4,4.5,8.87,1,0.76,1.424529284,4.155901134,0.806047483,-0.557499654,,,1,1,,,,,
3,316,104,0,0,1,0,0,3,3.5,8,1,0.72,0.651124237,1.917695562,0.657263762,-0.601984663,,,1,1,,,,,
4,322,110,0,0,1,0,0,3.5,2.5,8.67,1,0.8,1.107921568,3.028058235,0.751741424,-0.506947178,,,1,1,,,,,
5,314,103,0,1,0,0,0,2,3,8.21,0,0.65,0.578559811,1.783468049,0.640735951,-0.647633773,,,1,1,,,,,
6,330,115,0,0,0,0,1,4.5,3,9.34,1,0.9,2.083763008,8.034646537,0.889314984,-0.325680095,,,1,1,,,,CONFUSION MATRIX,
7,321,109,0,0,1,0,0,3,4,8.2,1,0.75,0.979648414,2.663519622,0.727038448,-0.56368802,,,1,1,,,,,
8,308,101,0,1,0,0,0,3,4,7.9,0,0.68,0.397750447,1.488472531,0.598147061,-0.641198777,,,1,1,,,,0,1
9,302,102,1,0,0,0,0,2,1.5,8,0,0.5,0.227700155,1.255708751,0.556680356,-0.699614148,,,0,1,,,0,35,
10,323,108,0,0,1,0,0,3.5,3,8.6,0,0.45,0.915347608,2.497643303,0.714093201,-0.840182976,,,0,1,,,1,,
11,325,106,0,0,1,0,0,3.5,4,8.4,1,0.52,1.064326845,2.898886927,0.743516542,-0.80724115,,,1,1,,,,,
12,327,111,0,0,0,1,0,4,4.5,9,1,0.84,1.612740272,5.016539094,0.83379149,-0.439810364,,,1,1,,,,,
13,328,112,0,0,0,1,0,4,4.5,9.1,1,0.78,1.703165034,5.491300069,0.845947655,-0.541994103,,,1,1,,,,,
14,307,109,0,0,1,0,0,4,3,8,1,0.62,0.600803723,1.823583868,0.645840164,-0.665508645,,,1,1,,,,,
15,311,104,0,0,1,0,0,3.5,2,8.2,1,0.61,0.542585319,1.720449026,0.632413624,-0.669819906,,,1,1,,,,,
16,314,105,0,0,1,0,0,3.5,2.5,8.3,0,0.54,0.533346245,1.704626875,0.630263232,-0.706956991,,,1,1,,,,,
17,317,107,0,0,1,0,0,4,3,8.7,0,0.66,0.895540698,2.448659418,0.710032253,-0.64692872,,,1,1,,,,,
18,319,106,0,0,1,0,0,4,3,8,1,0.65,0.640368379,1.897179633,0.654836729,-0.647498277,,,1,1,,,,,
19,318,110,0,0,1,0,0,4,3,8.8,0,0.63,1.027599895,2.794351045,0.736450321,-0.686125459,,,1,1,,,,,
20,303,102,0,0,1,0,0,3.5,3,8.5,0,0.62,0.559310937,1.749466592,0.636293089,-0.664634145,,,1,1,,,,,
21,312,107,0,0,1,0,0,3,2,7.9,1,0.64,0.439307498,1.551632338,0.608094009,-0.655576488,,,1,1,,,,,
22,325,114,0,0,0,1,0,3,2,8.4,0,0.7,0.834747448,2.304232036,0.697357816,-0.610880869,,,1,1,,,,,
23,328,116,0,0,0,0,1,5,5,9.5,1,0.94,2.415135374,11.19128527,0.917974194,-0.230494122,,,1,1,,,,,
24,334,119,0,0,0,0,1,5,4.5,9.7,1,0.95,2.591088628,13.34429067,0.930285852,-0.201817804,,,1,1,,,,,
25,336,119,0,0,0,0,1,4,3.5,9.8,1,0.97,2.567935131,13.03887306,0.928769211,-0.150933052,,,1,1,,,,,
26,340,120,0,0,0,0,1,4.5,4.5,9.6,1,0.94,2.610895538,13.61123478,0.931559515,-0.227548932,,,1,1,,,,,
27,322,109,0,0,0,0,1,4.5,3.5,8.8,0,0.76,1.444208876,4.23849764,0.809105574,-0.558436001,,,1,1,,,,,
28,298,98,0,1,0,0,0,1.5,2.5,7.5,1,0.44,0.03035234,1.030817668,0.507587502,-0.695083475,,,0,1,,,,,
29,295,93,1,0,0,0,0,2,2,7.2,0,0.46,-0.448294875,0.638716315,0.389766251,-0.700128843,,,0,0,,,,,
30,310,99,0,1,0,0,0,1.5,2,7.3,0,0.54,-0.205130905,0.814540682,0.448896346,-0.706603057,,,1,0,,,,,
31,300,97,0,1,0,0,0,3,3,8.1,1,0.65,0.425630705,1.530555444,0.60482984,-0.651778864,,,1,1,,,,,
32,327,103,0,0,1,0,0,4,4,8.3,1,0.74,0.948684002,2.582309109,0.720850443,-0.573981433,,,1,1,,,,,
33,338,118,0,0,0,1,0,3,4.5,9.4,1,0.91,2.114575932,8.286071166,0.892311831,-0.304251455,,,1,1,,,,,
34,340,114,0,0,0,0,1,4,4,9.6,1,0.9,2.435361033,11.41994094,0.919484319,-0.327478392,,,1,1,,,,,
35,331,112,0,0,0,0,1,4,5,9.8,1,0.94,2.558864584,12.92113811,0.928166793,-0.228075704,,,1,1,,,,,
36,320,110,0,0,0,0,1,5,5,9.2,1,0.88,2.038902641,7.682174467,0.884821481,-0.367037688,,,1,1,,,,,
37,299,106,0,1,0,0,0,4,4,8.4,0,0.64,0.712679783,2.039449224,0.670993023,-0.655561261,,,1,1,,,,,
38,300,105,1,0,0,0,0,1,2,7.8,0,0.58,0.228831089,1.257129678,0.556959438,-0.681371921,,,1,1,,,,,
39,304,105,1,0,0,0,0,3,1.5,7.5,0,0.52,-0.016551847,0.983584382,0.495862133,-0.693512463,,,1,0,,,,,
40,307,108,0,1,0,0,0,4,3.5,7.7,0,0.48,0.334862871,1.3977487,0.582942116,-0.713796077,,,0,1,,,,,
41,308,110,0,0,1,0,0,3.5,3,8,1,0.46,0.639210023,1.894983295,0.654574863,-0.76894273,,,0,1,,,,,
42,316,105,0,1,0,0,0,2.5,2.5,8.2,1,0.49,0.738665176,2.093139675,0.676703898,-0.767240715,,,0,1,,,,,
43,313,107,0,1,0,0,0,2.5,2,8.5,1,0.53,0.878395166,2.407033715,0.70648955,-0.760292597,,,1,1,,,,,
44,332,117,0,0,0,1,0,4.5,4,9.1,0,0.87,1.596064434,4.933577748,0.831467617,-0.392051303,,,1,1,,,,,
45,326,113,0,0,0,0,1,4.5,4,9.4,1,0.91,2.164224695,8.707848057,0.896990559,-0.303490164,,,1,1,,,,,
46,322,110,0,0,0,0,1,5,4,9.1,1,0.88,1.875361327,6.523175692,0.86707741,-0.367670381,,,1,1,,,,,
47,329,114,0,0,0,0,1,4,5,9.3,1,0.86,2.277965374,9.756808747,0.907035625,-0.416488704,,,1,1,,,,,
48,339,119,0,0,0,0,1,4.5,4,9.7,0,0.89,2.406578746,11.09593413,0.917327592,-0.351014289,,,1,1,,,,,
49,321,110,0,0,1,0,0,3.5,5,8.85,1,0.82,1.508005959,4.517713303,0.818765502,-0.471398631,,,1,1,,,,,
50,327,111,0,0,0,1,0,3,4,8.4,1,0.78,1.204559684,3.335290173,0.769334933,-0.527231992,,,1,1,,,,,
51,313,98,0,0,1,0,0,2.5,4.5,8.3,1,0.76,0.812560981,2.253672214,0.692654965,-0.562237925,,,1,1,,,,,
52,312,100,0,1,0,0,0,1.5,3.5,7.9,1,0.56,0.554868389,1.741711742,0.635264355,-0.697856151,,,1,1,,,,,
53,334,116,0,0,0,1,0,4,3,8,1,0.78,0.986117251,2.680805344,0.728320325,-0.533960116,,,1,1,,,,,
54,324,112,0,0,0,1,0,4,2.5,8.1,1,0.72,0.819222052,2.268734193,0.694071178,-0.594562936,,,1,1,,,,,
55,322,110,0,0,1,0,0,3,3.5,8,0,0.7,0.65065022,1.916786757,0.657156973,-0.615027431,,,1,1,,,,,
56,320,103,0,0,1,0,0,3,3,7.7,0,0.64,0.2448895,1.277480144,0.560918236,-0.666340352,,,1,1,,,,,
57,316,102,0,0,1,0,0,2,3,7.4,0,0.64,0.024923737,1.02523693,0.506230612,-0.689735504,,,1,1,,,,,
58,298,99,0,1,0,0,0,4,2,7.6,0,0.46,-0.169267275,0.844283218,0.457783929,-0.689953648,,,0,0,,,,,
59,300,99,1,0,0,0,0,3,2,6.8,1,0.36,-0.367099485,0.692740724,0.409242074,-0.65850476,,,0,0,,,,,
60,311,104,0,1,0,0,0,2,2,8.3,0,0.42,0.509430671,1.664343366,0.624673001,-0.765996754,,,0,1,,,,,
61,309,100,0,1,0,0,0,3,3,8.1,0,0.48,0.388209112,1.474338054,0.595851505,-0.719632534,,,0,1,,,,,
62,307,101,0,0,1,0,0,4,3,8.2,0,0.47,0.380092876,1.462420408,0.593895503,-0.72250112,,,0,1,,,,,
63,304,105,0,1,0,0,0,3,3,8.2,1,0.54,0.687280067,1.988300129,0.665361591,-0.723573471,,,1,1,,,,,
64,315,107,0,1,0,0,0,4,3,8.5,1,0.56,0.987572561,2.684709587,0.728608191,-0.751151079,,,1,1,,,,,
65,325,111,0,0,1,0,0,3,3.5,8.7,0,0.52,1.124714811,3.079338531,0.754862218,-0.821083149,,,1,1,,,,,
66,325,112,0,0,0,1,0,3.5,3.5,8.92,0,0.55,1.280934223,3.600001359,0.78260876,-0.821542776,,,1,1,,,,,
67,327,114,0,0,1,0,0,3,3,9.02,0,0.61,1.339990051,3.819005511,0.792488305,-0.75517365,,,1,1,,,,,
68,316,107,0,1,0,0,0,3.5,3.5,8.64,1,0.57,1.150429226,3.159548779,0.759589308,-0.769661943,,,1,1,,,,,
69,318,109,0,0,1,0,0,3.5,4,9.22,1,0.68,1.568339703,4.798674352,0.827546791,-0.691158333,,,1,1,,,,,
70,328,115,0,0,0,1,0,4.5,4,9.16,1,0.78,1.733473751,5.660282209,0.849856212,-0.544052331,,,1,1,,,,,
71,332,118,0,0,0,0,1,5,5,9.64,1,0.94,2.576323905,13.14871329,0.929322195,-0.227879216,,,1,1,,,,,
72,336,112,0,0,0,0,1,5,5,9.76,1,0.96,2.558753458,12.91970232,0.928159383,-0.17690195,,,1,1,,,,,
73,321,111,0,0,0,0,1,5,5,9.45,1,0.93,2.22098668,9.216420043,0.902118355,-0.258478621,,,1,1,,,,,
74,314,108,0,0,0,1,0,4.5,4,9.04,1,0.84,1.395406779,4.03661625,0.801454002,-0.444592783,,,1,1,,,,,
75,314,106,0,0,1,0,0,3,5,8.9,0,0.74,1.228482915,3.416043174,0.773552939,-0.576166729,,,1,1,,,,,
76,329,114,0,1,0,0,0,2,4,8.56,1,0.72,1.444764562,4.240853566,0.809191387,-0.616253895,,,1,1,,,,,
77,327,112,0,0,1,0,0,3,3,8.72,1,0.74,1.291422537,3.637958008,0.784387871,-0.578621507,,,1,1,,,,,
78,301,99,0,1,0,0,0,3,2,8.22,0,0.64,0.253270598,1.288231822,0.562981342,-0.665686207,,,1,1,,,,,
79,296,95,0,1,0,0,0,3,2,7.54,1,0.44,-0.11164165,0.894364695,0.472118541,-0.688005855,,,0,0,,,,,
80,294,93,1,0,0,0,0,1.5,2,7.36,0,0.46,-0.349938614,0.704731349,0.413397307,-0.694379294,,,0,0,,,,,
81,312,105,0,0,1,0,0,2,3,8.02,1,0.5,0.608613779,1.837881921,0.647624521,-0.738751082,,,0,1,,,,,
82,340,120,0,0,0,1,0,5,5,9.5,1,0.96,2.257687301,9.560951975,0.905311566,-0.189783614,,,1,1,,,,,
83,320,110,0,0,0,0,1,5,4.5,9.22,1,0.92,1.991404954,7.325818977,0.879891696,-0.287268849,,,1,1,,,,,
84,322,115,0,0,0,0,1,4,4.5,9.36,1,0.92,2.216217866,9.172573278,0.901696456,-0.280774768,,,1,1,,,,,
85,340,115,0,0,0,0,1,4.5,4.5,9.45,1,0.94,2.415150173,11.19145088,0.917975308,-0.230493796,,,1,1,,,,,
86,319,103,0,0,0,1,0,4.5,3.5,8.66,0,0.76,0.865519582,2.376240418,0.703812562,-0.558967905,,,1,1,,,,,
87,315,106,0,0,1,0,0,4.5,3.5,8.42,0,0.72,0.737254644,2.090189317,0.676395231,-0.597409013,,,1,1,,,,,
88,317,107,0,1,0,0,0,3.5,3,8.28,0,0.66,0.702843918,2.019487806,0.668818003,-0.641210231,,,1,1,,,,,
89,314,108,0,0,1,0,0,4.5,3.5,8.14,0,0.64,0.599290402,1.820826287,0.645493945,-0.653483994,,,1,1,,,,,
90,316,109,0,0,0,1,0,4.5,3.5,8.76,1,0.74,1.202410473,3.328129627,0.768953316,-0.575351742,,,1,1,,,,,
91,318,106,0,1,0,0,0,4,4,7.92,1,0.64,0.757281393,2.132470983,0.680763204,-0.657162053,,,1,1,,,,,
92,299,97,0,0,1,0,0,5,3.5,7.66,0,0.38,-0.05961679,0.942125497,0.485100215,-0.68643737,,,0,0,,,,,
93,298,98,0,1,0,0,0,4,3,8.03,0,0.34,0.192109951,1.211803749,0.547880321,-0.728490975,,,0,1,,,,,
94,301,97,0,1,0,0,0,3,3,7.88,1,0.44,0.299698457,1.349451828,0.5743688,-0.722314715,,,0,1,,,,,
95,303,99,0,0,1,0,0,2,2.5,7.66,0,0.36,-0.048888426,0.952287375,0.487780327,-0.686601531,,,0,0,,,,,
96,304,100,0,0,0,1,0,1.5,2.5,7.84,0,0.42,0.109565318,1.11579295,0.527363961,-0.703412226,,,0,1,,,,,
97,306,100,0,1,0,0,0,3,3,8,0,0.48,0.30159885,1.352018755,0.574833322,-0.710506556,,,0,1,,,,,
98,331,120,0,0,1,0,0,4,4,8.96,1,0.86,1.739882959,5.696676639,0.850672198,-0.405312035,,,1,1,,,,,
99,332,119,0,0,0,1,0,5,4.5,9.24,1,0.9,1.950264206,7.030544847,0.875475448,-0.328014592,,,1,1,,,,,
100,323,113,0,0,1,0,0,4,4,8.88,1,0.79,1.477266615,4.380954467,0.814159364,-0.515825142,,,1,1,,,,,
101,322,107,0,0,1,0,0,3.5,3.5,8.46,1,0.71,1.036584773,2.819571077,0.738190498,-0.604162944,,,1,1,,,,,
102,312,105,0,1,0,0,0,2.5,3,8.12,0,0.64,0.539108238,1.714477274,0.631604947,-0.65357013,,,1,1,,,,,
103,314,106,0,1,0,0,0,4,3.5,8.25,0,0.62,0.688821968,1.991368255,0.665704816,-0.668661273,,,1,1,,,,,
104,317,104,0,1,0,0,0,4.5,4,8.47,0,0.57,0.857756418,2.357864691,0.702191693,-0.722384105,,,1,1,,,,,
105,326,112,0,0,1,0,0,3.5,3,9.05,1,0.74,1.475483866,4.373151282,0.813889476,-0.589556506,,,1,1,,,,,
106,316,110,0,0,1,0,0,4,4.5,8.78,1,0.69,1.353918188,3.872569296,0.794769466,-0.649417825,,,1,1,,,,,
107,329,111,0,0,0,1,0,4.5,4.5,9.18,1,0.87,1.730646401,5.644301209,0.849495083,-0.388097158,,,1,1,,,,,
108,338,117,0,0,0,1,0,3.5,4.5,9.46,1,0.91,2.121334703,8.342264503,0.892959571,-0.304134096,,,1,1,,,,,
109,331,116,0,0,0,0,1,5,5,9.38,1,0.93,2.367312029,10.66867662,0.914300479,-0.255307852,,,1,1,,,,,
110,304,103,0,0,0,0,1,5,4,8.64,0,0.68,1.119142412,3.062226947,0.753829608,-0.640714492,,,1,1,,,,,
111,305,108,0,0,0,0,1,3,3,8.48,0,0.61,1.050873008,2.86014696,0.740942505,-0.70967272,,,1,1,,,,,
112,321,109,0,0,0,1,0,4,4,8.68,1,0.69,1.264838967,3.542522226,0.779857984,-0.640743527,,,1,1,,,,,
113,301,107,0,0,1,0,0,3.5,3.5,8.34,1,0.62,0.78472881,2.191812463,0.686698385,-0.674057063,,,1,1,,,,,
114,320,110,0,1,0,0,0,4,3.5,8.56,0,0.72,1.012528166,2.752551133,0.733514624,-0.593415631,,,1,1,,,,,
115,311,105,0,0,1,0,0,3.5,3,8.45,1,0.59,0.835605846,2.306210834,0.69753895,-0.702795321,,,1,1,,,,,
116,310,106,0,0,0,1,0,4.5,4.5,9.04,1,0.66,1.379485831,3.972858383,0.79890841,-0.693534153,,,1,1,,,,,
117,299,102,0,0,1,0,0,4,3.5,8.62,0,0.56,0.649264123,1.914131745,0.656844615,-0.705984009,,,1,1,,,,,
118,290,104,0,0,0,1,0,2,2.5,7.46,0,0.45,-0.167476066,0.84579686,0.458228572,-0.688275317,,,0,0,,,,,
119,296,99,0,1,0,0,0,3,3.5,7.28,0,0.47,-0.184477568,0.831538592,0.454010959,-0.691860832,,,0,0,,,,,
120,327,104,0,0,0,0,1,3,3.5,8.84,1,0.71,1.610720705,5.006418078,0.833511423,-0.649216877,,,1,1,,,,,
121,335,117,0,0,0,0,1,5,5,9.56,1,0.94,2.532125816,12.58022097,0.926363496,-0.228416126,,,1,1,,,,,
122,334,119,0,0,0,0,1,4.5,4.5,9.48,1,0.94,2.465742744,11.77222265,0.921705092,-0.229474528,,,1,1,,,,,
123,310,106,0,0,0,1,0,1.5,2.5,8.36,0,0.57,0.603228941,1.828011823,0.646394689,-0.695733432,,,1,1,,,,,
124,308,108,0,0,1,0,0,3.5,3.5,8.22,0,0.61,0.615342642,1.850290478,0.649158566,-0.6720619,,,1,1,,,,,
125,301,106,0,0,0,1,0,2.5,3,8.47,0,0.57,0.63547699,1.887922446,0.653730314,-0.698315483,,,1,1,,,,,
126,300,100,0,0,1,0,0,2,3,8.66,1,0.64,0.793590968,2.211322975,0.68860186,-0.658784775,,,1,1,,,,,
127,323,113,0,0,1,0,0,4,3,9.32,1,0.85,1.626695983,5.08703926,0.835716519,-0.423470213,,,1,1,,,,,
128,319,112,0,0,1,0,0,2.5,2,8.71,1,0.78,1.106950923,3.025120492,0.751560232,-0.529133127,,,1,1,,,,,
129,326,112,0,0,1,0,0,3.5,3,9.1,1,0.84,1.506036959,4.508826675,0.818473142,-0.44128061,,,1,1,,,,,
130,333,118,0,0,0,0,1,5,5,9.35,1,0.92,2.407617327,11.10746413,0.917406322,-0.278814192,,,1,1,,,,,
131,339,114,0,0,0,0,1,4,4.5,9.76,1,0.96,2.584348494,13.25465079,0.929847457,-0.176108671,,,1,1,,,,,
132,303,105,0,0,0,0,1,5,4.5,8.65,0,0.77,1.21810503,3.380775191,0.771729898,-0.53928482,,,1,1,,,,,
133,309,105,0,0,0,0,1,3.5,3.5,8.56,0,0.71,1.12194294,3.070814821,0.754348934,-0.607263693,,,1,1,,,,,
134,323,112,0,0,0,0,1,4,4.5,8.78,0,0.79,1.631466221,5.111363617,0.836370397,-0.521291611,,,1,1,,,,,
135,333,113,0,0,0,0,1,4,4,9.28,1,0.89,2.159494509,8.666755584,0.896552676,-0.346742627,,,1,1,,,,,
136,314,109,0,0,0,1,0,3.5,4,8.77,1,0.82,1.269412743,3.558762041,0.780642203,-0.476132655,,,1,1,,,,,
137,312,103,0,0,1,0,0,5,4,8.45,0,0.76,0.71826197,2.050865646,0.672224176,-0.569546271,,,1,1,,,,,
138,316,100,0,1,0,0,0,1.5,3,8.16,1,0.71,0.688030984,1.989793737,0.665528766,-0.606702402,,,1,1,,,,,
139,326,116,0,1,0,0,0,4.5,3,9.08,1,0.8,1.613770619,5.021710534,0.833934229,-0.504354865,,,1,1,,,,,
140,318,109,1,0,0,0,0,3.5,3.5,9.12,0,0.78,1.405444221,4.077337579,0.803046383,-0.528540533,,,1,1,,,,,
141,329,110,0,1,0,0,0,4,3,9.15,1,0.84,1.566233444,4.788577739,0.827245993,-0.440250527,,,1,1,,,,,
142,332,118,0,1,0,0,0,4.5,3.5,9.36,1,0.9,1.937229451,6.939498093,0.874047454,-0.328343555,,,1,1,,,,,
143,331,115,0,0,0,0,1,4,3.5,9.44,1,0.92,2.222177199,9.227398894,0.902223428,-0.280667262,,,1,1,,,,,
144,340,120,0,0,0,1,0,4.5,4,9.92,1,0.97,2.403983155,11.06717097,0.917130535,-0.158624961,,,1,1,,,,,
145,325,112,0,1,0,0,0,3,3.5,8.96,1,0.8,1.535655061,4.644366879,0.822832211,-0.502133986,,,1,1,,,,,
146,320,113,0,1,0,0,0,2,2.5,8.64,1,0.81,1.21716329,3.377592881,0.771563956,-0.490596738,,,1,1,,,,,
147,315,105,0,0,1,0,0,2,2.5,8.48,0,0.75,0.679101907,1.972105803,0.663538223,-0.579944296,,,1,1,,,,,
148,326,114,0,0,1,0,0,3,3,9.11,1,0.83,1.562869736,4.772497419,0.826764756,-0.455922934,,,1,1,,,,,
149,339,116,0,0,0,1,0,4,3.5,9.8,1,0.96,2.188254304,8.919628553,0.899189774,-0.193791345,,,1,1,,,,,
150,311,106,0,1,0,0,0,3.5,3,8.26,1,0.79,0.795182786,2.214845802,0.68894309,-0.539584994,,,1,1,,,,,
151,334,114,0,0,0,1,0,4,4,9.43,1,0.93,1.937739111,6.943035782,0.874103551,-0.270198169,,,1,1,,,,,
152,332,116,0,0,0,0,1,5,5,9.28,1,0.94,2.314707203,10.12195881,0.910087781,-0.233096654,,,1,1,,,,,
153,321,112,0,0,0,0,1,5,5,9.06,1,0.86,2.003489776,7.414887293,0.881162995,-0.407001227,,,1,1,,,,,
154,324,105,0,0,1,0,0,3,4,8.75,0,0.79,1.081582163,2.949342202,0.746793276,-0.519099125,,,1,1,,,,,
155,326,108,0,0,1,0,0,3,3.5,8.89,0,0.8,1.18686627,3.276796504,0.766180131,-0.503711233,,,1,1,,,,,
156,312,109,0,0,1,0,0,3,3,8.69,0,0.77,0.906733166,2.476219907,0.712331203,-0.547760932,,,1,1,,,,,
157,315,105,0,0,1,0,0,2,2.5,8.34,0,0.7,0.593553248,1.810409835,0.64418001,-0.617843048,,,1,1,,,,,
158,309,104,0,1,0,0,0,2,2.5,8.26,0,0.65,0.527704402,1.695036716,0.628947541,-0.648403967,,,1,1,,,,,
159,306,106,0,1,0,0,0,2,2.5,8.14,0,0.61,0.470507338,1.600806136,0.615503829,-0.668811973,,,1,1,,,,,
160,297,100,1,0,0,0,0,1.5,2,7.9,0,0.52,0.151259386,1.163298362,0.537742913,-0.692979196,,,1,1,,,,,
161,315,103,1,0,0,0,0,1.5,2,7.86,0,0.57,0.342293028,1.408172871,0.584747419,-0.683761289,,,1,1,,,,,
162,298,99,1,0,0,0,0,1.5,3,7.46,0,0.53,-0.010485841,0.989568944,0.497378564,-0.6934755,,,1,0,,,,,
163,318,109,0,0,1,0,0,3,3,8.5,0,0.67,0.841639569,2.320167935,0.698810416,-0.636116853,,,1,1,,,,,
164,317,105,0,0,1,0,0,3.5,3,8.56,0,0.68,0.777445327,2.17590643,0.685129262,-0.626930259,,,1,1,,,,,
165,329,111,0,0,0,1,0,4.5,4,9.01,1,0.81,1.567046962,4.792474918,0.827362222,-0.487251608,,,1,1,,,,,
166,322,110,0,0,0,0,1,4.5,4,8.97,0,0.78,1.628625532,5.096864426,0.835981263,-0.537446695,,,1,1,,,,,
167,302,102,0,0,1,0,0,3.5,5,8.33,0,0.65,0.685804757,1.985368932,0.665033025,-0.647950243,,,1,1,,,,,
168,313,102,0,0,1,0,0,2,3,8.27,0,0.64,0.531043471,1.700706021,0.629726452,-0.653645406,,,1,1,,,,,
169,293,97,0,1,0,0,0,2,4,7.8,1,0.64,0.32041593,1.377700672,0.579425614,-0.661067721,,,1,1,,,,,
170,311,99,0,1,0,0,0,2.5,3,7.98,0,0.65,0.320154914,1.377341117,0.579362005,-0.657881991,,,1,1,,,,,
171,312,101,0,1,0,0,0,2.5,3.5,8.04,1,0.68,0.64305882,1.902290754,0.655444583,-0.628220343,,,1,1,,,,,
172,334,117,0,0,0,0,1,4,4.5,9.07,1,0.89,2.182660673,8.869874725,0.898681591,-0.346919162,,,1,1,,,,,
173,322,110,0,0,0,1,0,4,5,9.13,1,0.86,1.688573224,5.411753832,0.844036433,-0.40595987,,,1,1,,,,,
174,323,113,0,0,0,1,0,4,4.5,9.23,1,0.89,1.760913497,5.817749466,0.853324032,-0.352316415,,,1,1,,,,,
175,321,111,0,0,0,1,0,4,4,8.97,1,0.87,1.483681339,4.409147406,0.815127981,-0.39728872,,,1,1,,,,,
176,320,111,0,0,0,1,0,4.5,3.5,8.87,1,0.85,1.345267148,3.839212041,0.793354788,-0.43327483,,,1,1,,,,,
177,329,119,0,0,0,1,0,4.5,4.5,9.16,1,0.9,1.884962904,6.586110118,0.868180137,-0.329852346,,,1,1,,,,,
178,319,110,0,0,1,0,0,3.5,3.5,9.04,0,0.82,1.251562746,3.49580174,0.777570263,-0.476862563,,,1,1,,,,,
179,309,108,0,0,1,0,0,2.5,3,8.12,0,0.72,0.521194339,1.684037761,0.627427,-0.612062364,,,1,1,,,,,
180,307,102,0,0,1,0,0,3,3,8.27,0,0.73,0.46185987,1.587022898,0.613455296,-0.613350049,,,1,1,,,,,
181,300,104,0,0,1,0,0,3.5,3,8.16,0,0.71,0.367680265,1.444380146,0.59089833,-0.632738584,,,1,1,,,,,
182,305,107,0,1,0,0,0,2.5,2.5,8.42,0,0.71,0.644832791,1.905668358,0.655845101,-0.608832154,,,1,1,,,,,
183,299,100,0,1,0,0,0,3,3.5,7.88,0,0.68,0.228480838,1.256689444,0.55687301,-0.658531922,,,1,1,,,,,
184,314,110,0,0,1,0,0,4,4,8.8,0,0.75,1.113032306,3.043573462,0.752693995,-0.562354592,,,1,1,,,,,
185,316,106,0,1,0,0,0,2.5,4,8.32,0,0.72,0.835581109,2.306153785,0.697533731,-0.594167117,,,1,1,,,,,
186,327,113,0,0,0,1,0,4.5,4.5,9.11,1,0.89,1.712503788,5.542822169,0.847160755,-0.354240226,,,1,1,,,,,
187,317,107,0,0,1,0,0,3.5,3,8.68,1,0.84,1.068792662,2.911861775,0.744367246,-0.466227582,,,1,1,,,,,
188,335,118,0,0,0,0,1,4.5,3.5,9.44,1,0.93,2.309546564,10.06985759,0.909664601,-0.256347577,,,1,1,,,,,
189,331,115,0,0,0,0,1,4.5,3.5,9.36,1,0.93,2.164204527,8.707672446,0.896988696,-0.260206336,,,1,1,,,,,
190,324,112,0,0,0,0,1,5,5,9.08,1,0.88,2.04121509,7.69995966,0.885056938,-0.36704911,,,1,1,,,,,
191,324,111,0,0,0,0,1,4.5,4,9.16,1,0.9,1.958932697,7.091753973,0.876417399,-0.327806088,,,1,1,,,,,
192,323,110,0,0,0,0,1,4,5,8.98,1,0.87,1.948148557,7.015686406,0.87524462,-0.386511178,,,1,1,,,,,
193,322,114,0,0,0,0,1,4.5,4,8.94,1,0.86,1.869948024,6.487959171,0.866452263,-0.405140986,,,1,1,,,,,
194,336,118,0,0,0,0,1,4.5,5,9.53,1,0.94,2.552200261,12.83531377,0.927721191,-0.228156048,,,1,1,,,,,
195,316,109,0,0,1,0,0,3.5,3,8.76,0,0.77,0.974425209,2.649643782,0.726000657,-0.544322158,,,1,1,,,,,
196,307,107,0,1,0,0,0,3,3.5,8.52,1,0.78,1.009677295,2.74471514,0.732956991,-0.53279726,,,1,1,,,,,
197,306,105,0,1,0,0,0,3,2.5,8.26,0,0.73,0.504842096,1.656723896,0.623596565,-0.608559016,,,1,1,,,,,
198,310,106,0,1,0,0,0,3.5,2.5,8.33,0,0.73,0.593351356,1.810044365,0.644133732,-0.600053782,,,1,1,,,,,
199,311,104,0,0,1,0,0,4.5,4.5,8.43,0,0.7,0.787163239,2.197154773,0.687221899,-0.611247014,,,1,1,,,,,
200,313,107,0,0,1,0,0,4,4.5,8.69,0,0.72,1.034581414,2.813928119,0.737803134,-0.593761042,,,1,1,,,,,
201,317,103,0,0,1,0,0,2.5,3,8.54,1,0.73,0.918150579,2.504653944,0.714665124,-0.583841861,,,1,1,,,,,
202,315,110,0,1,0,0,0,3.5,3,8.46,1,0.72,1.034669463,2.814175892,0.737820167,-0.59376261,,,1,1,,,,,
203,340,120,0,0,0,0,1,4.5,4.5,9.91,1,0.97,2.800324712,16.44998742,0.942693368,-0.143023957,,,1,1,,,,,
204,334,120,0,0,0,0,1,4,5,9.87,1,0.97,2.793680731,16.34105627,0.942333386,-0.143206576,,,1,1,,,,,
205,298,105,0,0,1,0,0,3.5,4,8.54,0,0.69,0.723136115,2.060886263,0.673297237,-0.619740583,,,1,1,,,,,
206,295,99,0,1,0,0,0,2.5,3,7.65,0,0.57,-0.017517242,0.982635293,0.495620801,-0.694411744,,,1,0,,,,,
207,315,99,0,1,0,0,0,3.5,3,7.89,0,0.63,0.280989337,1.324439481,0.569788756,-0.666455644,,,1,1,,,,,
208,310,102,0,0,1,0,0,3.5,4,8.02,1,0.66,0.621334085,1.861409665,0.650521905,-0.641233897,,,1,1,,,,,
209,305,106,0,1,0,0,0,3,3,8.16,0,0.64,0.515770692,1.67492886,0.626158282,-0.653829542,,,1,1,,,,,
210,301,104,0,0,1,0,0,3.5,4,8.12,1,0.68,0.647562474,1.910877334,0.656460962,-0.628112043,,,1,1,,,,,
211,325,108,0,0,0,1,0,4.5,4,9.06,1,0.79,1.501142966,4.486814417,0.817744884,-0.516444892,,,1,1,,,,,
212,328,110,0,0,0,1,0,5,4,9.14,1,0.82,1.608078703,4.99320857,0.833144469,-0.472002387,,,1,1,,,,,
213,338,120,0,0,0,1,0,5,5,9.66,1,0.95,2.338454479,10.36520454,0.912012142,-0.209024699,,,1,1,,,,,
214,333,119,0,0,0,0,1,5,4.5,9.78,1,0.96,2.631472217,13.89421015,0.932859817,-0.174759228,,,1,1,,,,,
215,331,117,0,0,0,1,0,4.5,5,9.42,1,0.94,2.078926192,7.995878265,0.88883798,-0.242575881,,,1,1,,,,,
216,330,116,0,0,0,0,1,5,4.5,9.36,1,0.93,2.28687051,9.844082464,0.907783807,-0.256829962,,,1,1,,,,,
217,322,112,0,0,0,1,0,4.5,4.5,9.26,1,0.91,1.740839053,5.702125801,0.850793609,-0.318261222,,,1,1,,,,,
218,321,109,0,0,0,1,0,4,4,9.13,1,0.85,1.5398168,4.663735797,0.823438092,-0.425239429,,,1,1,,,,,
219,324,110,0,0,0,1,0,3,3.5,8.97,1,0.84,1.446824722,4.249599408,0.809509274,-0.442819004,,,1,1,,,,,
220,312,104,0,0,1,0,0,3.5,3.5,8.42,0,0.74,0.688291579,1.990312335,0.665586772,-0.586042074,,,1,1,,,,,
221,313,103,0,0,1,0,0,4,4,8.75,0,0.76,0.928257332,2.530096215,0.716721602,-0.555849555,,,1,1,,,,,
222,316,110,0,0,1,0,0,3.5,4,8.56,0,0.75,0.992467903,2.69788438,0.729575104,-0.56340994,,,1,1,,,,,
223,324,113,0,0,0,1,0,4.5,4,8.79,0,0.76,1.255355518,3.509085694,0.77822555,-0.552024211,,,1,1,,,,,
224,308,109,0,1,0,0,0,3,4,8.45,0,0.71,0.900372206,2.460518762,0.711025985,-0.602154242,,,1,1,,,,,
225,305,105,0,1,0,0,0,3,2,8.23,0,0.67,0.418289958,1.519361161,0.603073979,-0.64375109,,,1,1,,,,,
226,296,99,0,1,0,0,0,2.5,2.5,8.03,0,0.61,0.163468697,1.177588493,0.540776412,-0.678502163,,,1,1,,,,,
227,306,110,0,1,0,0,0,3.5,4,8.45,0,0.63,0.895098983,2.447578045,0.709941302,-0.67375961,,,1,1,,,,,
228,312,110,0,1,0,0,0,3.5,3,8.53,0,0.64,0.875554238,2.400205211,0.705900104,-0.663481073,,,1,1,,,,,
229,318,112,0,0,1,0,0,4,3.5,8.67,0,0.71,1.049515213,2.856266102,0.740681796,-0.604543583,,,1,1,,,,,
230,324,111,0,0,0,1,0,3,3,9.01,1,0.82,1.43236549,4.188595562,0.807269619,-0.471923354,,,1,1,,,,,
231,313,104,0,0,1,0,0,4,4.5,8.65,0,0.73,0.947687287,2.579736566,0.720649835,-0.583477493,,,1,1,,,,,
232,319,106,0,0,1,0,0,3.5,2.5,8.33,1,0.74,0.79138759,2.20645596,0.688129195,-0.579539448,,,1,1,,,,,
233,312,107,0,1,0,0,0,2.5,3.5,8.27,0,0.69,0.732120874,2.079486262,0.675270511,-0.619599382,,,1,1,,,,,
234,304,100,0,1,0,0,0,2.5,3.5,8.07,0,0.64,0.396177108,1.486132501,0.597768824,-0.657174941,,,1,1,,,,,
235,330,113,0,0,0,0,1,5,4,9.31,1,0.91,2.134146841,8.449834377,0.89417804,-0.30392359,,,1,1,,,,,
236,326,111,0,0,0,0,1,4.5,4,9.23,1,0.88,2.018709745,7.528604841,0.882747528,-0.366961214,,,1,1,,,,,
237,325,112,0,0,0,1,0,4,4.5,9.17,1,0.85,1.720435287,5.586959864,0.848184896,-0.422721923,,,1,1,,,,,
238,329,114,0,0,0,0,1,4.5,5,9.19,1,0.86,2.201660847,9.040015123,0.900398556,-0.413150292,,,1,1,,,,,
239,310,104,0,0,1,0,0,2,3.5,8.37,0,0.7,0.667998938,1.95033068,0.661054943,-0.614318003,,,1,1,,,,,
240,299,100,1,0,0,0,0,1.5,2,7.89,0,0.59,0.162151485,1.176038381,0.540449282,-0.681836591,,,1,1,,,,,
241,296,101,1,0,0,0,0,2.5,3,7.68,0,0.6,0.130404037,1.139288605,0.532554889,-0.682230924,,,1,1,,,,,
242,317,103,0,1,0,0,0,2.5,2,8.15,0,0.65,0.438874606,1.550960795,0.607990839,-0.651201576,,,1,1,,,,,
243,324,115,0,0,1,0,0,3.5,3,8.76,1,0.7,1.343724864,3.833295448,0.793101827,-0.634921118,,,1,1,,,,,
244,325,114,0,0,1,0,0,3.5,3,9.04,1,0.76,1.502506324,4.492935722,0.817947988,-0.561558046,,,1,1,,,,,
245,314,107,0,1,0,0,0,2.5,4,8.56,0,0.63,0.986050453,2.680626277,0.728307107,-0.681871136,,,1,1,,,,,
246,328,110,0,0,0,1,0,4,2.5,9.02,1,0.81,1.373769957,3.950214799,0.797988564,-0.486677304,,,1,1,,,,,
247,316,105,0,0,1,0,0,3,3.5,8.73,0,0.72,0.94163113,2.564160488,0.71942902,-0.592954125,,,1,1,,,,,
248,311,104,0,1,0,0,0,2.5,3.5,8.48,0,0.71,0.789490851,2.202274855,0.687721996,-0.603322945,,,1,1,,,,,
249,324,110,0,0,1,0,0,3.5,4,8.87,1,0.8,1.426293427,4.163239206,0.806323132,-0.500529394,,,1,1,,,,,
250,321,111,0,0,1,0,0,3.5,4,8.83,1,0.77,1.397164093,4.043716088,0.801733487,-0.542326778,,,1,1,,,,,
251,320,104,0,0,1,0,0,3,2.5,8.57,1,0.74,0.913997082,2.494272447,0.713817393,-0.574767343,,,1,1,,,,,
252,316,99,0,1,0,0,0,2.5,3,9,0,0.7,0.985944799,2.680343073,0.7282862,-0.612844615,,,1,1,,,,,
253,318,100,0,1,0,0,0,2.5,3.5,8.54,1,0.71,0.978780683,2.661209404,0.72686621,-0.602859246,,,1,1,,,,,
254,335,115,0,0,0,1,0,4.5,4.5,9.68,1,0.93,2.170454351,8.762264283,0.897564748,-0.260001823,,,1,1,,,,,
255,321,114,0,0,0,1,0,4,5,9.12,0,0.85,1.580844639,4.85905823,0.829324106,-0.424270936,,,1,1,,,,,
256,307,110,0,0,0,1,0,4,4.5,8.37,0,0.79,0.86054143,2.364440525,0.702773762,-0.533433957,,,1,1,,,,,
257,309,99,0,0,1,0,0,4,4,8.56,0,0.76,0.694881273,2.003471194,0.667051909,-0.571658917,,,1,1,,,,,
258,324,100,0,0,1,0,0,4,5,8.64,1,0.78,1.187927149,3.280274635,0.766370132,-0.527433998,,,1,1,,,,,
259,326,102,0,0,0,1,0,5,5,8.76,1,0.77,1.311772588,3.712749056,0.787809623,-0.540206509,,,1,1,,,,,
260,331,119,0,0,0,1,0,5,4.5,9.34,1,0.9,2.002869032,7.410285978,0.881097979,-0.326873349,,,1,1,,,,,
261,327,108,0,0,0,0,1,5,3.5,9.13,1,0.87,1.834846619,6.264173267,0.862338085,-0.386637935,,,1,1,,,,,
262,312,104,0,0,1,0,0,3.5,4,8.09,0,0.71,0.546360091,1.726955602,0.633290693,-0.615270158,,,1,1,,,,,
263,308,103,0,1,0,0,0,2.5,4,8.36,1,0.7,0.905946535,2.4742728,0.712169983,-0.611222617,,,1,1,,,,,
264,324,111,0,0,1,0,0,2.5,1.5,8.79,1,0.7,1.117806525,3.05813889,0.753581623,-0.6182599,,,1,1,,,,,
265,325,110,0,1,0,0,0,3,2.5,8.76,1,0.75,1.252370409,3.498626311,0.777709921,-0.564494279,,,1,1,,,,,
266,313,102,0,0,1,0,0,2.5,2.5,8.68,0,0.71,0.712772184,2.039637679,0.671013421,-0.605670073,,,1,1,,,,,
267,312,105,0,1,0,0,0,2,2.5,8.45,0,0.72,0.690127449,1.993969646,0.665995278,-0.599708385,,,1,1,,,,,
268,314,107,0,0,1,0,0,3,3.5,8.17,1,0.73,0.800453687,2.226550856,0.690071521,-0.587082529,,,1,1,,,,,
269,327,113,0,0,0,1,0,4.5,5,9.14,0,0.83,1.61416909,5.023711936,0.833989405,-0.455943325,,,1,1,,,,,
270,308,108,0,0,0,1,0,4.5,5,8.34,0,0.77,0.859707698,2.362470039,0.702599581,-0.550700907,,,1,1,,,,,
271,306,105,0,1,0,0,0,2.5,3,8.22,1,0.72,0.725591745,2.065953257,0.673837167,-0.597932478,,,1,1,,,,,
272,299,96,0,1,0,0,0,1.5,2,7.86,0,0.54,-0.01890287,0.981274669,0.495274423,-0.69394796,,,1,0,,,,,
273,294,95,1,0,0,0,0,1.5,1.5,7.64,0,0.49,-0.196925784,0.821251581,0.450927038,-0.696017581,,,0,0,,,,,
274,312,99,1,0,0,0,0,1,1.5,8.01,1,0.52,0.450933635,1.5697771,0.610861191,-0.709333674,,,1,1,,,,,
275,315,100,1,0,0,0,0,2,2.5,7.95,0,0.58,0.385468142,1.470302471,0.595191272,-0.680769079,,,1,1,,,,,
276,322,110,0,0,1,0,0,3.5,3,8.96,1,0.78,1.344848428,3.837604824,0.793286133,-0.527437953,,,1,1,,,,,
277,329,113,0,0,0,0,1,5,4.5,9.45,1,0.89,2.270913065,9.688242768,0.906439251,-0.348031703,,,1,1,,,,,
278,320,101,0,1,0,0,0,2.5,3,8.62,0,0.7,0.829381166,2.291899996,0.696224065,-0.610898088,,,1,1,,,,,
279,308,103,0,1,0,0,0,3,3.5,8.49,0,0.66,0.740192452,2.09633892,0.677037939,-0.641693402,,,1,1,,,,,
280,304,102,0,1,0,0,0,3,4,8.73,0,0.67,0.891743566,2.439379164,0.709249852,-0.63782279,,,1,1,,,,,
281,311,102,0,0,1,0,0,4.5,4,8.64,1,0.68,0.990518346,2.692629824,0.729190293,-0.632786419,,,1,1,,,,,
282,317,110,0,0,1,0,0,4,4.5,9.11,1,0.8,1.564069958,4.778228915,0.82693659,-0.502841253,,,1,1,,,,,
283,312,106,0,0,1,0,0,4,3.5,8.79,1,0.81,1.123316653,3.075036136,0.754603403,-0.494993126,,,1,1,,,,,
284,321,111,0,0,1,0,0,2.5,3,8.9,1,0.8,1.338676022,3.813990522,0.792272129,-0.500585553,,,1,1,,,,,
285,340,112,0,0,0,1,0,5,4.5,9.66,1,0.94,2.129200534,8.408142097,0.893709088,-0.240126993,,,1,1,,,,,
286,331,116,0,0,0,0,1,4,4,9.26,1,0.93,2.192722206,8.959569747,0.899594056,-0.259302221,,,1,1,,,,,
287,336,118,0,0,0,0,1,4.5,4,9.19,1,0.92,2.225001384,9.25349561,0.902472285,-0.280617409,,,1,1,,,,,
288,324,114,0,0,0,0,1,5,4.5,9.08,1,0.89,2.023130601,7.561961403,0.883204332,-0.346743065,,,1,1,,,,,
289,314,104,0,0,0,1,0,5,5,9.02,0,0.82,1.233881319,3.434534222,0.774497174,-0.477639906,,,1,1,,,,,
290,313,109,0,0,1,0,0,4,3.5,9,0,0.79,1.146207176,3.146237129,0.758817461,-0.516697538,,,1,1,,,,,
291,307,105,0,1,0,0,0,2.5,3,7.65,0,0.58,0.209402372,1.232940999,0.552160133,-0.681866175,,,1,1,,,,,
292,300,102,0,1,0,0,0,1.5,2,7.87,0,0.56,0.120612413,1.128187556,0.530116602,-0.687727754,,,1,1,,,,,
293,302,99,0,1,0,0,0,1,2,7.97,0,0.56,0.145357387,1.156452797,0.536275498,-0.687064512,,,1,1,,,,,
294,312,98,1,0,0,0,0,3.5,3,8.18,1,0.64,0.667715086,1.949777154,0.66099134,-0.654391971,,,1,1,,,,,
295,316,101,0,1,0,0,0,2.5,2,8.32,1,0.61,0.669004804,1.952293439,0.661280282,-0.674489375,,,1,1,,,,,
296,317,100,0,1,0,0,0,3,2.5,8.57,0,0.68,0.683700132,1.981194869,0.664564028,-0.627408093,,,1,1,,,,,
297,310,107,0,0,1,0,0,3.5,3.5,8.67,0,0.76,0.886505976,2.426636097,0.708168603,-0.557834508,,,1,1,,,,,
298,320,120,0,0,1,0,0,4,4.5,9.11,0,0.86,1.621360734,5.059970907,0.834982706,-0.407334768,,,1,1,,,,,
299,330,114,0,0,1,0,0,4.5,4.5,9.24,1,0.9,1.828206813,6.222718154,0.861547969,-0.331845225,,,1,1,,,,,
300,305,112,0,0,1,0,0,3,3.5,8.65,0,0.71,0.944951755,2.572689256,0.720098803,-0.602402859,,,1,1,,,,,
301,309,106,0,1,0,0,0,2.5,2.5,8,0,0.62,0.401375032,1.493877416,0.599017981,-0.664986174,,,1,1,,,,,
302,319,108,0,1,0,0,0,2.5,3,8.76,0,0.66,1.052148989,2.863798782,0.741187351,-0.657232507,,,1,1,,,,,
303,322,105,0,1,0,0,0,3,3,8.45,1,0.65,0.993069993,2.699509239,0.729693877,-0.662704677,,,1,1,,,,,
304,323,107,0,0,1,0,0,3.5,3.5,8.55,1,0.73,1.100081699,3.004411471,0.750275413,-0.584336981,,,1,1,,,,,
305,313,106,0,1,0,0,0,2.5,2,8.43,0,0.62,0.638418141,1.893483286,0.654395792,-0.666641818,,,1,1,,,,,
306,321,109,0,0,1,0,0,3.5,3.5,8.8,1,0.74,1.277478879,3.587583581,0.78202032,-0.578019062,,,1,1,,,,,
307,323,110,0,0,1,0,0,4,3.5,9.1,1,0.79,1.489529647,4.435009008,0.816007665,-0.516132757,,,1,1,,,,,
308,325,112,0,0,0,1,0,4,4,9,1,0.8,1.556835848,4.74378741,0.825898849,-0.502650142,,,1,1,,,,,
309,312,108,0,0,1,0,0,3.5,3,8.53,0,0.69,0.779058329,2.179419003,0.685477127,-0.61914823,,,1,1,,,,,
310,308,110,0,0,0,1,0,3.5,3,8.6,0,0.7,0.839517967,2.315250682,0.698363685,-0.610870664,,,1,1,,,,,
311,320,104,0,0,1,0,0,3,3.5,8.74,1,0.76,1.137315444,3.118385638,0.75718641,-0.551101514,,,1,1,,,,,
312,328,108,0,0,0,1,0,4.5,4,9.18,1,0.84,1.599974465,4.952905952,0.832014816,-0.439900945,,,1,1,,,,,
313,311,107,0,0,0,1,0,4.5,4.5,9,1,0.78,1.384361934,3.992277755,0.799690632,-0.528089961,,,1,1,,,,,
314,301,100,0,0,1,0,0,3.5,3,8.04,0,0.67,0.219585331,1.245560129,0.55467681,-0.661832819,,,1,1,,,,,
315,305,105,0,1,0,0,0,3,4,8.13,0,0.66,0.596059466,1.814952808,0.644754258,-0.641546249,,,1,1,,,,,
316,308,104,0,1,0,0,0,2.5,3,8.07,0,0.65,0.453732491,1.574176835,0.6115263,-0.650603688,,,1,1,,,,,
317,298,101,0,1,0,0,0,1.5,2,7.86,0,0.54,0.076681859,1.079698525,0.519161076,-0.69081474,,,1,1,,,,,
318,300,99,1,0,0,0,0,1,2.5,8.01,0,0.58,0.291969696,1.339062438,0.572478279,-0.680407758,,,1,1,,,,,
319,324,111,0,0,1,0,0,2.5,2,8.8,1,0.79,1.183636067,3.266228865,0.765600948,-0.515657774,,,1,1,,,,,
320,327,113,0,0,0,1,0,3.5,3,8.69,1,0.8,1.294876486,3.650545053,0.784971441,-0.50108324,,,1,1,,,,,
321,317,106,0,0,1,0,0,4,3.5,8.5,1,0.75,0.988615511,2.687511066,0.728814373,-0.563490089,,,1,1,,,,,
322,323,104,0,0,1,0,0,4,4,8.44,1,0.73,1.021044443,2.77609272,0.735175994,-0.58332736,,,1,1,,,,,
323,314,107,0,1,0,0,0,2.5,4,8.27,0,0.72,0.808842516,2.245307574,0.691862797,-0.594843518,,,1,1,,,,,
324,305,102,0,1,0,0,0,2,2.5,8.18,0,0.62,0.403179582,1.496575626,0.599451349,-0.664948702,,,1,1,,,,,
325,315,104,0,0,1,0,0,3,2.5,8.33,0,0.67,0.548449965,1.730568497,0.633775896,-0.637048351,,,1,1,,,,,
326,326,116,0,0,1,0,0,3.5,4,9.14,1,0.81,1.73318615,5.65865454,0.84981951,-0.492036661,,,1,1,,,,,
327,299,100,0,0,1,0,0,2,2,8.02,0,0.63,0.098186699,1.103168727,0.524526973,-0.681587504,,,1,1,,,,,
328,295,101,0,1,0,0,0,2.5,2,7.86,0,0.69,0.033002335,1.033552952,0.508249835,-0.687012875,,,1,1,,,,,
329,324,112,0,0,0,1,0,4,3.5,8.77,1,0.8,1.34807134,3.849993037,0.793814137,-0.500520197,,,1,1,,,,,
330,297,96,0,1,0,0,0,2.5,1.5,7.89,0,0.43,-0.095468103,0.908947354,0.476151085,-0.687603251,,,0,0,,,,,
331,327,113,0,0,1,0,0,3.5,3,8.66,1,0.8,1.266488321,3.54836992,0.780141014,-0.501578253,,,1,1,,,,,
332,311,105,0,1,0,0,0,3,2,8.12,1,0.73,0.578466785,1.783302148,0.640714537,-0.601357293,,,1,1,,,,,
333,308,106,0,0,1,0,0,3.5,2.5,8.21,1,0.75,0.624545218,1.867396507,0.65125158,-0.584995564,,,1,1,,,,,
334,319,108,0,0,1,0,0,3,3.5,8.54,1,0.71,1.089870585,2.973889181,0.748357351,-0.605937143,,,1,1,,,,,
335,312,107,0,0,0,1,0,4.5,4,8.65,1,0.73,1.119272721,3.06262601,0.753853789,-0.584760479,,,1,1,,,,,
336,325,111,0,0,0,1,0,4,4.5,9.11,1,0.83,1.662954358,5.274871706,0.840634192,-0.456300922,,,1,1,,,,,
337,319,110,0,0,1,0,0,3,2.5,8.79,0,0.72,0.988447159,2.687058656,0.728781098,-0.593147074,,,1,1,,,,,
338,332,118,0,0,0,0,1,5,5,9.47,1,0.94,2.47244339,11.85136902,0.922187278,-0.229353558,,,1,1,,,,,
339,323,108,0,0,0,0,1,4,4,8.74,1,0.81,1.64042143,5.157342515,0.837592273,-0.488903916,,,1,1,,,,,
340,324,107,0,0,0,0,1,3.5,4,8.66,1,0.81,1.588308347,4.8954605,0.830377966,-0.487652887,,,1,1,,,,,
341,312,107,0,0,1,0,0,3,3,8.46,1,0.75,0.900939982,2.461916181,0.711142631,-0.566117259,,,1,1,,,,,
342,326,110,0,0,1,0,0,3.5,3.5,8.76,1,0.79,1.316360418,3.72982165,0.788575538,-0.513962766,,,1,1,,,,,
343,308,106,0,0,1,0,0,3,3,8.24,0,0.58,0.535298244,1.707957554,0.630717993,-0.685721699,,,1,1,,,,,
344,305,103,0,1,0,0,0,2.5,3.5,8.13,0,0.59,0.503793831,1.654988121,0.62335048,-0.67920182,,,1,1,,,,,
345,295,96,0,1,0,0,0,1.5,2,7.34,0,0.47,-0.37066047,0.690278272,0.408381438,-0.699103594,,,0,0,,,,,
346,316,98,1,0,0,0,0,1.5,2,7.43,0,0.49,-0.016048298,0.98407979,0.495988012,-0.693018891,,,0,0,,,,,
347,304,97,0,1,0,0,0,1.5,2,7.64,0,0.47,-0.090012465,0.913919793,0.477512065,-0.691459245,,,0,0,,,,,
348,299,94,1,0,0,0,0,1,1,7.34,0,0.42,-0.409185962,0.664190706,0.399107328,-0.681197047,,,0,0,,,,,
349,302,99,1,0,0,0,0,2,2,7.25,0,0.57,-0.233328964,0.791893027,0.441930972,-0.716270127,,,1,0,,,,,
350,313,101,0,0,1,0,0,2.5,3,8.04,0,0.62,0.360594304,1.434181502,0.589184291,-0.666042092,,,1,1,,,,,
351,318,107,0,0,1,0,0,3,3.5,8.27,1,0.74,0.895565308,2.448719679,0.71003732,-0.575284727,,,1,1,,,,,
352,325,110,0,0,0,1,0,3.5,4,8.67,1,0.73,1.322638725,3.753312282,0.789620387,-0.593315428,,,1,1,,,,,
353,303,100,0,1,0,0,0,3,3.5,8.06,1,0.64,0.548862884,1.731283229,0.633871731,-0.6534993,,,1,1,,,,,
354,300,102,0,0,1,0,0,3.5,2.5,8.17,0,0.63,0.272437525,1.313161416,0.567691216,-0.666979527,,,1,1,,,,,
355,297,98,0,1,0,0,0,2.5,3,7.67,0,0.59,-0.009110505,0.99093087,0.49772239,-0.693977501,,,1,0,,,,,
356,317,106,0,1,0,0,0,2,3.5,8.12,0,0.73,0.671238897,1.95665992,0.661780513,-0.594055831,,,1,1,,,,,
357,327,109,0,0,1,0,0,3.5,4,8.77,1,0.79,1.369874101,3.93485527,0.797359812,-0.514122805,,,1,1,,,,,
358,301,104,0,1,0,0,0,3.5,3.5,7.89,1,0.68,0.502160798,1.652287676,0.622966992,-0.633953199,,,1,1,,,,,
359,314,105,0,1,0,0,0,2.5,2,7.64,0,0.7,0.14336342,1.154149166,0.535779594,-0.667041433,,,1,1,,,,,
360,321,107,0,1,0,0,0,2,1.5,8.44,0,0.81,0.68272565,1.97926517,0.664346762,-0.538668907,,,1,1,,,,,
361,322,110,0,0,1,0,0,4,5,8.64,1,0.85,1.379096606,3.971312348,0.798845872,-0.431451744,,,1,1,,,,,
362,334,116,0,0,0,1,0,4,3.5,9.54,1,0.93,1.986871427,7.292682344,0.879411756,-0.267583054,,,1,1,,,,,
363,338,115,0,0,0,0,1,4.5,5,9.23,1,0.91,2.323432771,10.21066508,0.910799226,-0.302541744,,,1,1,,,,,
364,306,103,0,1,0,0,0,2.5,3,8.36,0,0.69,0.593120493,1.80962654,0.644080811,-0.623798431,,,1,1,,,,,
365,313,102,0,0,1,0,0,3.5,4,8.9,1,0.77,1.184572592,3.269289203,0.765768972,-0.539326454,,,1,1,,,,,
366,330,114,0,0,0,1,0,4.5,3,9.17,1,0.86,1.616332023,5.03458965,0.83428865,-0.407462317,,,1,1,,,,,
367,320,104,0,0,1,0,0,3.5,4.5,8.34,1,0.74,1.003240827,2.7271056,0.731695287,-0.573233742,,,1,1,,,,,
368,311,98,1,0,0,0,0,1,2.5,7.46,0,0.57,0.028583409,1.028995835,0.507145366,-0.691248465,,,1,1,,,,,
369,298,92,1,0,0,0,0,2,2,7.88,0,0.51,-0.028085956,0.972304788,0.492978973,-0.693526639,,,1,0,,,,,
370,301,98,1,0,0,0,0,2,3,8.03,1,0.67,0.509804029,1.664964877,0.624760533,-0.638622179,,,1,1,,,,,
371,310,103,0,1,0,0,0,2.5,2.5,8.24,0,0.72,0.494079583,1.638988992,0.621067006,-0.614658586,,,1,1,,,,,
372,324,110,0,0,1,0,0,3.5,3,9.22,1,0.89,1.520727228,4.575551455,0.820645544,-0.364943995,,,1,1,,,,,
373,336,119,0,0,0,1,0,4.5,4,9.62,1,0.95,2.165841946,8.72194223,0.897139895,-0.216835568,,,1,1,,,,,
374,321,109,0,0,1,0,0,3,3,8.54,1,0.79,1.067971597,2.909471929,0.744210978,-0.519704747,,,1,1,,,,,
375,315,105,0,1,0,0,0,2,2.5,7.65,0,0.39,0.226782044,1.2545564,0.556453766,-0.724508238,,,0,1,,,,,
376,304,101,0,1,0,0,0,2,2.5,7.66,0,0.38,0.056108843,1.057712802,0.514023532,-0.700273715,,,0,1,,,,,
377,297,96,0,1,0,0,0,2.5,2,7.43,0,0.34,-0.316837631,0.728449023,0.421446634,-0.654949282,,,0,0,,,,,
378,290,100,1,0,0,0,0,1.5,2,7.56,0,0.47,-0.116011157,0.890465288,0.471029695,-0.691348227,,,0,0,,,,,
379,303,98,1,0,0,0,0,2,2.5,7.65,0,0.56,0.058498842,1.060243758,0.514620541,-0.690064953,,,1,1,,,,,
380,311,99,1,0,0,0,0,2.5,3,8.43,1,0.71,0.850971854,2.341921753,0.700770971,-0.602356,,,1,1,,,,,
381,322,104,0,0,1,0,0,3.5,4,8.84,1,0.78,1.266055548,3.546834614,0.780066775,-0.526907974,,,1,1,,,,,
382,319,105,0,0,1,0,0,3,3.5,8.67,1,0.73,1.106856973,3.024836296,0.75154269,-0.584478648,,,1,1,,,,,
383,324,110,0,0,0,1,0,4.5,4,9.15,1,0.82,1.589271609,4.900178381,0.830513599,-0.471779865,,,1,1,,,,,
384,300,100,0,0,1,0,0,3,3.5,8.26,0,0.62,0.414324227,1.513347715,0.602124293,-0.664734595,,,1,1,,,,,
385,340,113,0,0,0,1,0,5,5,9.74,1,0.96,2.258621623,9.569889155,0.905391628,-0.189732555,,,1,1,,,,,
386,335,117,0,0,0,0,1,5,5,9.82,1,0.96,2.691001898,14.74644295,0.936493594,-0.173252673,,,1,1,,,,,
387,302,101,0,1,0,0,0,2.5,3.5,7.96,0,0.46,0.332774804,1.394833152,0.582434376,-0.720237154,,,0,1,,,,,
388,307,105,0,1,0,0,0,2,3.5,8.1,0,0.53,0.553186852,1.73878545,0.634874648,-0.714325524,,,1,1,,,,,
389,296,97,0,1,0,0,0,1.5,2,7.8,0,0.49,-0.060253441,0.941525882,0.484941195,-0.692998387,,,0,0,,,,,
390,320,108,0,0,1,0,0,3.5,4,8.44,1,0.76,1.087896959,2.968025624,0.747985498,-0.551466958,,,1,1,,,,,
391,314,102,0,1,0,0,0,2,2.5,8.24,0,0.64,0.516355525,1.675908699,0.626295172,-0.653821487,,,1,1,,,,,
392,318,106,0,0,1,0,0,2,3,8.65,0,0.71,0.889022641,2.432750817,0.708688439,-0.602155852,,,1,1,,,,,
393,326,112,0,0,0,1,0,4,3.5,9.12,1,0.84,1.578945706,4.849839958,0.829055152,-0.44009991,,,1,1,,,,,
394,317,104,0,1,0,0,0,3,3,8.76,0,0.77,0.942789678,2.567132912,0.719662815,-0.545814115,,,1,1,,,,,
395,329,111,0,0,0,1,0,4.5,4,9.23,1,0.89,1.70148057,5.482057955,0.845728007,-0.354720339,,,1,1,,,,,
396,324,110,0,0,1,0,0,3.5,3.5,9.04,1,0.82,1.470455018,4.351214572,0.813126537,-0.471550443,,,1,1,,,,,
397,325,107,0,0,1,0,0,3,3.5,9.11,1,0.84,1.468366777,4.34213767,0.812809017,-0.442197792,,,1,1,,,,,
398,330,116,0,0,0,1,0,5,4.5,9.45,1,0.91,1.999132824,7.382651266,0.880706,-0.306953375,,,1,1,,,,,
399,312,103,0,0,1,0,0,3.5,4,8.78,0,0.67,0.947175551,2.578416759,0.720546804,-0.640312837,,,1,1,,,,,
400,333,117,0,0,0,1,0,5,4,9.66,1,0.95,2.114058184,8.281782181,0.89226207,-0.219698298,,,1,1,,,,,
